id,batch,name,screen_name,profile_url,profile_image,description,location,url,followers_count,following_count,statuses_count,created_at
951493442,1,Alyoscia D'Onofrio,AlyosciaD,https://twitter.com/AlyosciaD,https://pbs.twimg.com/profile_images/444112860117864448/cz_2YyCI_normal.jpeg,"Senior Director, Governance & Rights @theIRC. Work on / write about accountability, aid, basic services, governance, protection, etc. Views my own.",Geneva,http://t.co/zcZHYMCoLC,88,126,76,2012-11-16 11:24:53+00:00
2307037766,1,Open Dev Toolkit,OpenDevToolkit,https://twitter.com/OpenDevToolkit,https://pbs.twimg.com/profile_images/428183664170528768/XCDk1OmB_normal.png,A project of @DevinitOrg @OKFN @SchoolofData aimed at increasing data literacy around development data. Tweets by @zararah.,,http://t.co/eyTU5ldx0m,325,150,118,2014-01-23 18:30:22+00:00
6727802,1,Games for Change,G4C,https://twitter.com/G4C,https://pbs.twimg.com/profile_images/425346549032300544/n3-1Z5OV_normal.png,We facilitate the creation & distribution of social impact games. Join us for the Annual Games for Change Festival (April 22-24 & 26): #G4C14.,"New York, NY",http://t.co/ADWsFpXbkq,15616,3982,8187,2007-06-11 02:49:59+00:00
1260176245,1,GlobalDevLab,GlobalDevLab,https://twitter.com/GlobalDevLab,https://pbs.twimg.com/profile_images/451537180607795200/h7iC1V48_normal.jpeg,The official Twitter feed for @USAID's U.S. Global Development Lab #DevTalk http://t.co/aKyulvGYUg,Washington DC,http://t.co/wnwLDypJ7s,4322,442,1725,2013-03-11 18:55:17+00:00
514033223,1,USAID/OFDA,theOFDA,https://twitter.com/theOFDA,https://pbs.twimg.com/profile_images/459691244705165312/3vGkW2A8_normal.jpeg,USAID's Office of U.S. Foreign Disaster Assistance saves lives on behalf of the American people. http://t.co/wnwLDypJ7s,"Washington, DC",http://t.co/RovhfsmTyA,3863,499,2144,2012-03-04 06:43:58+00:00
1469986159,1,Albert Gembara,AlbertGembara,https://twitter.com/AlbertGembara,https://pbs.twimg.com/profile_images/3732428176/764eb318a813c5a2d717596e87cd82d2_normal.jpeg,Technology Integration Officer - USAID/OFDA - Opinions and Tweets are my own.,"Washington, D.C. ",,48,83,79,2013-05-30 15:11:29+00:00
635258821,1,OCHA Gulf ,ochagulf,https://twitter.com/ochagulf,https://pbs.twimg.com/profile_images/413565312508772353/FnX7eNeE_normal.jpeg,"UNOCHA - Gulf Liaison Office
 مكتب الأمم المتحدة لتنسيق الشؤون الإنسانية",Arab World,http://t.co/5jHTIkAcXM,463,136,460,2012-07-14 09:33:27+00:00
11512342,1,frog design,frogdesign,https://twitter.com/frogdesign,https://pbs.twimg.com/profile_images/459015000372178944/M9Q4LX3U_normal.png,frog is a global product strategy and design firm,Headquartered in San Francisco,http://t.co/Ro7PpUQ7Qh,469460,2674,5180,2007-12-25 20:38:13+00:00
517710986,1,OKFestival,OKFestival,https://twitter.com/OKFestival,https://pbs.twimg.com/profile_images/431090291060125697/h1HvwGp4_normal.png,Join us in Berlin from 15th-17th July to translate Open Minds to Open Action with the global #open community! #OKFest14,"Berlin, Germany",http://t.co/jex664iNwF,2165,2371,1076,2012-03-07 15:52:13+00:00
18998892,1,Harvard Humanitarian,HHI,https://twitter.com/HHI,https://pbs.twimg.com/profile_images/1575880396/HHI_Twitter_Logo_normal.jpg,"Combines expertise in public health, medicine, social science, and humanities to advance research, practice, and policy in the field of humanitarian assistance",Harvard University,http://t.co/lIMcSEXK4O,8724,411,1163,2009-01-14 22:19:27+00:00
14055301,1,Save the Children,SavetheChildren,https://twitter.com/SavetheChildren,https://pbs.twimg.com/profile_images/378800000120478197/b7e80517f053dbd85a8a3d9b79da6e0d_normal.jpeg,The leading independent organization creating lasting change in the lives of children in need in the United States and around the world.,,http://t.co/V6oAEtmjrV,933493,5588,11128,2008-02-28 16:14:50+00:00
11695472,1,Oxfam International,Oxfam,https://twitter.com/Oxfam,https://pbs.twimg.com/profile_images/3355449112/86566eb9809c3585f821d9429c60dbe4_normal.jpeg,Intl confederation of 17 like-minded organizations working together & with partners around the world to bring about lasting solutions to poverty & injustice.,,http://t.co/5GWKT5kWf1,518554,872,16647,2007-12-31 18:27:35+00:00
69231187,1,UN Human Rights,UNrightswire,https://twitter.com/UNrightswire,https://pbs.twimg.com/profile_images/3758280215/70eb963bb40db99fb3185cc39ef62468_normal.jpeg,"Official Twitter account of the United Nations Human Rights office
http://t.co/6scbVSPBIw

http://t.co/V3ZKO2fB90","Geneva, Switzerland",http://t.co/VvRnxjVdmo,405020,625,5684,2009-08-27 07:34:10+00:00
82592381,1,ALNAP,ALNAP,https://twitter.com/ALNAP,https://pbs.twimg.com/profile_images/459330268898152448/1qSEq05w_normal.png,Active Learning Network for Accountability and Performance in humanitarian sector #learning #innovation #leadership #evaluation,London,http://t.co/dG4sxvxyLM,2831,570,1562,2009-10-15 11:08:40+00:00
14361155,1,UN Refugee Agency,Refugees,https://twitter.com/Refugees,https://pbs.twimg.com/profile_images/2298974926/z8sfbyry4eds9z7s56pr_normal.jpeg,The official account of UNHCR. Follow us as we provide vital aid and protection to the forcibly displaced around the world.,120 countries,http://t.co/HzXYOjUiiE,1509401,40744,13830,2008-04-11 14:23:51+00:00
14434070,1,NYTimes Bits,nytimesbits,https://twitter.com/nytimesbits,https://pbs.twimg.com/profile_images/2078138859/NYT_Twitter_bits_normal.png,"Tech news and analysis, plus interesting links and retweets from Times tech staff and friends.",,http://t.co/XaZCeioBAC,172775,148,15555,2008-04-18 15:19:26+00:00
819800,1,CNET News,CNETNews,https://twitter.com/CNETNews,https://pbs.twimg.com/profile_images/1580505142/News_normal.jpg,Follow CNET News for all the latest tech news.,"San Francisco, CA",http://t.co/dw0Mm46abG,348984,240,61056,2007-03-07 22:24:21+00:00
816653,1,TechCrunch,TechCrunch,https://twitter.com/TechCrunch,https://pbs.twimg.com/profile_images/2176846885/-5-1_normal.jpeg,Breaking Technology News And Opinions From TechCrunch,Silicon Valley,http://t.co/FQzFJNIg8e,3472203,844,71480,2007-03-07 01:27:09+00:00
2893971,1,Gigaom,gigaom,https://twitter.com/gigaom,https://pbs.twimg.com/profile_images/458702422479613952/3I1T5T51_normal.png,Gigaom is the leading independent voice on emerging technologies and the disruption of media.,"San Francisco, California",http://t.co/pgDpImAArh,225734,24,47718,2007-03-29 21:05:08+00:00
60642052,1,VentureBeat,VentureBeat,https://twitter.com/VentureBeat,https://pbs.twimg.com/profile_images/1818169678/VB_twitter_logo_normal.jpg,Tech. People. Money. We bring you news on what matters in the tech business world.,San Francisco,http://t.co/vnablqd9D1,275982,1422,43638,2009-07-27 16:34:47+00:00
717313,1,Ars Technica,arstechnica,https://twitter.com/arstechnica,https://pbs.twimg.com/profile_images/2215576731/ars-logo_normal.png,"Original news and reviews, analysis of tech trends, and expert advice on the most fundamental aspects of tech and the many ways it's helping us enjoy our world.",NYC - Boston - Chicago - SF,http://t.co/LH2xDvElLR,665238,131,49026,2007-01-28 01:58:49+00:00
10876852,1,The Next Web,TheNextWeb,https://twitter.com/TheNextWeb,https://pbs.twimg.com/profile_images/378800000147133877/895fa7d3daeed8d32b7c089d9b3e976e_normal.png,"International news on technology, business and culture. Follow specific channels in our Twitter lists.  Find us on Facebook:  http://t.co/pcgAUcQggv",The Interwebs.,http://t.co/BV4ajjxry7,1077043,1101,62335,2007-12-05 17:26:15+00:00
1344951,1,WIRED,WIRED,https://twitter.com/WIRED,https://pbs.twimg.com/profile_images/378800000703426078/f0e0491c473589ad484d976ca45d712b_normal.png,WIRED is where tomorrow is realized.,San Francisco/New York,http://t.co/AbRkBRjcYo,2784912,333,31009,2007-03-17 09:57:25+00:00
756278,1,Chris Pirillo,ChrisPirillo,https://twitter.com/ChrisPirillo,https://pbs.twimg.com/profile_images/2611249528/h6jnw0fi4him8qfhdxby_normal.png,"Geek Culture Cultivator & Lifestyle Enabler. Educator, Entertainer, Entrepreneur. http://t.co/rb0sJGSlI6 http://t.co/wAkOxpSD6H chris@pirillo.com","Seattle, WA",http://t.co/zDIREljyyo,134649,2031,77556,2007-02-07 20:01:06+00:00
11009852,1,Ben Parr,benparr,https://twitter.com/benparr,https://pbs.twimg.com/profile_images/437001186122534912/Lhn2IMJZ_normal.jpeg,"I'm an investor, author, columnist & whiskey lover. | Co-founder: @DominateFund; Author: @Captivology (HarperCollins/2015). Alum: Mashable, CNET.",San Francisco/Silicon Valley,http://t.co/bXKqIPYSgh,59592,1850,31349,2007-12-10 04:33:05+00:00
1422311,1,Peter Rojas,peterrojas,https://twitter.com/peterrojas,https://pbs.twimg.com/profile_images/3515612365/ed8754f358e7bd114b515de23fa0e2b7_normal.jpeg,Stop me before I start another gadget site.,10002,http://t.co/CdNIr4ZE4C,32375,333,10437,2007-03-18 15:49:44+00:00
808627,1,Steven Levy,StevenLevy,https://twitter.com/StevenLevy,https://pbs.twimg.com/profile_images/25648092/eye_normal.jpg,I'm writing as fast as I can.,New York City,http://t.co/g3CMRYEZJH,77248,564,4329,2007-03-03 16:34:51+00:00
12798452,1,Erick Schonfeld,erickschonfeld,https://twitter.com/erickschonfeld,https://pbs.twimg.com/profile_images/378800000643795339/bb53bcb73b246c01fc89c8803e867c34_normal.png,"Co-founder TouchCast, executive producer DEMO",New York,http://t.co/hgqJUi4SX3,73173,1112,18264,2008-01-28 20:10:24+00:00
17595439,1,Chris Anderson,chr1sa,https://twitter.com/chr1sa,https://pbs.twimg.com/profile_images/378800000034395983/18ce4b3eb08868f444a2596942dcb7af_normal.jpeg,"3D Robotics CEO, DIY Drones, ex Wired EIC, Long Tail, FREE, Makers, GeekDad, etc. And five great kids who put up with it all.

(Profile photo by Joi Ito)",Berkeley,http://t.co/IuFPNN3M70,134936,814,4708,2008-11-24 16:57:51+00:00
11666142,1,Joshua Topolsky,joshuatopolsky,https://twitter.com/joshuatopolsky,https://pbs.twimg.com/profile_images/2928977318/71923b60c9037878b3cfd23ec729eb4d_normal.jpeg,"Editor-in-chief of The Verge, reformed producer, lover of creepy movies.","Brooklyn, NY.",http://t.co/8T2beWJyhJ,136418,652,19092,2007-12-30 19:46:39+00:00
5763262,1,Kara Swisher,karaswisher,https://twitter.com/karaswisher,https://pbs.twimg.com/profile_images/428212477646487552/VDm2yv7S_normal.jpeg,Re/code Co-Executive Editor and Longtime Disgruntled Housewife,San Francisco,http://t.co/QtNr5qQEsH,942517,963,53524,2007-05-04 10:32:22+00:00
50393960,1,Bill Gates,BillGates,https://twitter.com/BillGates,https://pbs.twimg.com/profile_images/1884069342/BGtwitter_normal.JPG,Sharing things I'm learning through my foundation work and other interests...,"Seattle, WA",http://t.co/W7T8IITkPe,15719386,164,1243,2009-06-24 18:44:10+00:00
989,1,Om Malik,om,https://twitter.com/om,https://pbs.twimg.com/profile_images/2601170258/z3bo77mwfuz7ll7fd9z0_normal.jpeg,"Partner, True Ventures. Founder, Gigaom. Lover of possibilities. Believer in people. Indulges in imagineering.","ÜT: 37.795917,-122.39966",http://t.co/AvBTBie5fn,1379844,1427,37207,2006-07-15 05:53:13+00:00
36823,1,Anil Dash,anildash,https://twitter.com/anildash,https://pbs.twimg.com/profile_images/450813957461524480/iNanfzj4_normal.jpeg,Cofounder @thinkup & @activateinc • Blog at http://t.co/Ytws16sDrz • anil@dashes.com • 646 833-8659 • The intern who maintains this account has been fired.,"NYC: 40.739069,-73.987082",http://t.co/zUrxsZkiRa,494752,2229,58534,2006-12-02 09:15:15+00:00
37570179,1,Michael Arrington,arrington,https://twitter.com/arrington,https://pbs.twimg.com/profile_images/378800000654181704/52e1a4162ad05f167fca1432630dac1c_normal.jpeg,Be Excellent To Each Other,"Palo Alto, CA",http://t.co/vFB8Ylff4H,183117,1633,12806,2009-05-04 02:20:17+00:00
13348,1,Robert Scoble,Scobleizer,https://twitter.com/Scobleizer,https://pbs.twimg.com/profile_images/378800000079754206/b0cff61f7e8af959a50d9636a56aad1e_normal.jpeg,"@Rackspace's Startup Liaison Officer, who grew up in Silicon Valley, brings you technology news, videos, and opinions.","Half Moon Bay, California, USA",http://t.co/mVOjKdD5wp,391886,42884,66027,2006-11-20 23:43:44+00:00
5746452,1,Walt Mossberg,waltmossberg,https://twitter.com/waltmossberg,https://pbs.twimg.com/profile_images/3569270561/e95260439557ec04c7979ad1c2202b41_normal.jpeg,"Co-Executive Editor, reviewer and columnist for Re/code. Find us at http://t.co/QtNr5qQEsH. Email me at walt@recode.net.","Washington, DC",http://t.co/QtNr5qQEsH,571270,556,6060,2007-05-03 17:30:11+00:00
9534522,1,David Pogue,Pogue,https://twitter.com/Pogue,https://pbs.twimg.com/profile_images/69259417/dp_photo__small__normal.jpg,"Tech columnist, Yahoo; PBS NOVA host; Missing Manuals creator, dad of 3!",USA,http://t.co/havf8hMO4h,1507457,1699,6163,2007-10-19 02:51:34+00:00
2384071,1,Tim O'Reilly,timoreilly,https://twitter.com/timoreilly,https://pbs.twimg.com/profile_images/2823681988/f4f6f2bed8ab4d5a48dea4b9ea85d5f1_normal.jpeg,"Founder and CEO, O'Reilly Media. Watching the alpha geeks, sharing their stories, helping the future unfold.","Sebastopol, CA",http://t.co/5086iX7oyT,1764651,1202,29625,2007-03-27 01:14:05+00:00
37303975,1,Claude Bruderlein,HumanTrends,https://twitter.com/HumanTrends,https://pbs.twimg.com/profile_images/2214242783/claude_bruderlein_normal.JPG,Senior advisor at the @ICRC. Researcher and Instructor @Kennedy_school and @HarvardSPH. Promoting humanitarian innovations. Views are my own. RT≠ endorsement,"Geneva, Switzerland",http://t.co/NKrTssOcHf,1897,1588,1531,2009-05-02 23:00:06+00:00
16334429,1,Intl Medical Corps,IMC_Worldwide,https://twitter.com/IMC_Worldwide,https://pbs.twimg.com/profile_images/870543816/IMC-logoM-blue-on-transparen_normal.jpg,International Medical Corps saves lives and relieves suffering through health care training and relief and development programs.,"ÜT: 34.018689,-118.483186",http://t.co/umQHpd9S3A,7447,2222,3082,2008-09-17 18:55:55+00:00
18338630,1,Islamic Relief USA,IslamicRelief,https://twitter.com/IslamicRelief,https://pbs.twimg.com/profile_images/435906287432241152/MIeQjNCV_normal.jpeg,"Islamic Relief USA strives to alleviate poverty, hunger, illiteracy, and diseases worldwide regardless of color, race, religion, or creed.","CA, IL, NJ, VA, TX",http://t.co/9QjbyAfUlt,31954,495,3161,2008-12-23 18:17:31+00:00
15545560,1,ActionAgainstHunger,acfusa,https://twitter.com/acfusa,https://pbs.twimg.com/profile_images/1152268835/acf-usa-logo-color_square_big_normal.jpg,Working to save the lives of severely malnourished people worldwide & implement long-term solutions to hunger.,"New York, USA",http://t.co/8vbedewzqB,10195,1054,4914,2008-07-22 23:23:49+00:00
50101725,1,Devex,devex,https://twitter.com/devex,https://pbs.twimg.com/profile_images/378800000447502242/86f54a6e72bc261eaa0442c699db4000_normal.png,Must-read news and jobs for aid workers and international development professionals from the world’s most popular global development website -  www.devex.com.,,http://www.Devex.com,29980,840,12200,2009-06-23 21:03:39+00:00
364316586,1,ICRC North America,ICRC_dc,https://twitter.com/ICRC_dc,https://pbs.twimg.com/profile_images/378800000120790480/db8e7ab0f46ee149603fdf25b60206b7_normal.jpeg,ICRC regional delegation for United States & Canada. Tweeting & blogging about armed conflict & humanitarian challenges – from drones to detention & beyond.,Washington DC,http://t.co/qlLtQrjDTy,2156,1351,1662,2011-08-29 15:32:09+00:00
11695602,1,Oxfam America,OxfamAmerica,https://twitter.com/OxfamAmerica,https://pbs.twimg.com/profile_images/459066251503890432/DOH8hqF8_normal.png,Oxfam America is a global organization working to right the wrong of poverty.,"Boston, MA",http://t.co/HdfsBVn9pl,195091,10780,11595,2007-12-31 18:31:06+00:00
22053725,1,Intl Rescue Comm IRC,theIRC,https://twitter.com/theIRC,https://pbs.twimg.com/profile_images/1750236817/irc-twitter-square_normal.png,"The International Rescue Committee (IRC) responds to the world’s worst humanitarian crises and helps people to survive and rebuild. 
RT & Follow ≠ endorsement",Worldwide,http://t.co/AxkZboE1IV,48393,2312,6611,2009-02-26 20:03:10+00:00
14755492,1,Doctors w/o Borders,MSF_USA,https://twitter.com/MSF_USA,https://pbs.twimg.com/profile_images/2767072246/a86211e851acafb19a5abc92b540d379_normal.png,Providing medical aid where it's needed most.,"New York, NY",http://t.co/yj5qvnuRFO,384942,724,11495,2008-05-13 06:15:39+00:00
27830610,1,World Food Programme,WFP,https://twitter.com/WFP,https://pbs.twimg.com/profile_images/899668508/twitter_profile_03_normal.png,Fighting hunger worldwide. The United Nations World Food Programme is the world's largest humanitarian agency on the front lines against hunger.,Worldwide,http://t.co/NBbZaYFg71,657067,505,13028,2009-03-31 07:02:18+00:00
2303751216,1,FiveThirtyEight,FiveThirtyEight,https://twitter.com/FiveThirtyEight,https://pbs.twimg.com/profile_images/442370574040301568/j673s9Ue_normal.jpeg,"The home of Nate Silver's FiveThirtyEight on Twitter. Politics, Economics, Science, Life, Sports.","New York, NY",http://t.co/93tPMQEkgi,171056,65,528,2014-01-21 21:39:32+00:00
14420872,1,Simon Rogers,smfrogers,https://twitter.com/smfrogers,https://pbs.twimg.com/profile_images/378800000490745383/5724d9cc809d73aebc5f72f56ac3fd05_normal.png,"Datajournalist, and Data Editor at Twitter. Launch editor of Guardian Datablog. Author, Facts are Sacred http://t.co/bL5erqoI7z.  All views my own",San Francisco,http://t.co/2jh0njK05N,11742,1375,9387,2008-04-17 14:04:09+00:00
23751864,1,GuardianData,GuardianData,https://twitter.com/GuardianData,https://pbs.twimg.com/profile_images/2179716372/G_twitter_openPlat_normal.jpg,Facts you can use from the Guardian. Mash them up and tell us about it. Facts are Sacred: The power of data (Guardian Shorts) eBook http://t.co/mXWLXx51AE,"London, UK",http://t.co/Pi2Q5UL4Pw,44033,201,6348,2009-03-11 11:58:09+00:00
303687748,1,DataDrivenJournalism,ddjournalism,https://twitter.com/ddjournalism,https://pbs.twimg.com/profile_images/1556110992/twitter_profilepicture_normal.png,"We are @ejcnet and we run http://t.co/1gjMNuhT, http://t.co/3sgDSxqA, data journalism mailing list (http://t.co/BsfYqRvV). Data journalism hashtag #ddj",,http://t.co/ebKj16B6AB,11218,1062,2645,2011-05-23 08:45:01+00:00
48784644,1,Toby Lanzer,tobylanzer,https://twitter.com/tobylanzer,https://pbs.twimg.com/profile_images/378800000362426429/ef59b0df785e31e9bba16fa981162041_normal.jpeg,UN assistant secretary-general. In Juba as deputy special representative and development and humanitarian coordinator. Resilience. Aid. Peacebuilding.,#SouthSudan,http://t.co/WPQz2QHl37,7035,241,1978,2009-06-19 18:26:29+00:00
501968170,1,School of Data,SchoolOfData,https://twitter.com/SchoolOfData,https://pbs.twimg.com/profile_images/2822971173/b9d550947c055919ea856bba60e2e5c5_normal.png,"Teaching data wrangling skills by doing. Work with real data, real people, real world issues. A project of @OKFN and friends.",,http://t.co/yT5edUBNcc,7009,701,1148,2012-02-24 17:25:57+00:00
1195960238,1,UNOCHA South Sudan,OCHASouthSudan,https://twitter.com/OCHASouthSudan,https://pbs.twimg.com/profile_images/428878916955041792/HYJ-0Dey_normal.png,United Nations Office for the Coordination of Humanitarian Affairs (UNOCHA) in South Sudan,,http://t.co/PHqbbsPD7O,5746,254,1089,2013-02-19 05:12:45+00:00
793517,1,Tariq Khokhar,tkb,https://twitter.com/tkb,https://pbs.twimg.com/profile_images/651992556/tk-profile-bw-450_normal.jpg,"Data Scientist and Open Data Evangelist at The World Bank. Technology, development, design, #dataviz. Some science, statistics & swearing. Brit. I cycle a lot.",Washington DC,http://t.co/QXf2QSUjXn,5003,2004,9245,2007-02-25 07:42:50+00:00
1029631,1,Nigel Snoad,spangledrongo,https://twitter.com/spangledrongo,https://pbs.twimg.com/profile_images/27613962/61942420_4686602214c_normal.jpg,"Google, Crisis, Civics, design, resilience, data, societal networks and all that. 

But really it's simple:
bicycles + Brooklyn + daughter = happy","Brooklyn, NY",http://t.co/zAZ61k8RE8,743,115,1251,2007-03-12 18:04:14+00:00
294056626,1,Shadrock Roberts,Shadrocker,https://twitter.com/Shadrocker,https://pbs.twimg.com/profile_images/3584196654/64bbf89a46e1b5286936d866fdbe07bb_normal.png,Director of the Resilience Responsiveness Initiative @Ushahidi: Opinions belong to one of the many voices in my head. Interests: #geography #refugees #IDPs,"Athens, GA (sometimes)",http://t.co/IFf5ZBJxia,716,480,1025,2011-05-06 13:14:21+00:00
15748351,1,Infochimps,infochimps,https://twitter.com/infochimps,https://pbs.twimg.com/profile_images/1652358055/chimpmark_normal.gif,"Infochimps, a CSC Big Data Business makes it faster, easier & far less complex to build & manage Big Data apps in the cloud & quickly deliver insights.","Austin, Texas",http://t.co/x4b92kTQeK,9437,2916,4504,2008-08-06 10:34:37+00:00
17053097,1,Hadley Beeman,hadleybeeman,https://twitter.com/hadleybeeman,https://pbs.twimg.com/profile_images/1689768600/IMG_2849d_headshot_786x786_normal.jpg,Architect for #opendata & #openstandards. Advisor on technology policy. Co-founder of @300_Seconds. Data geek. Active in UK gov and W3C; views mine.,London,http://t.co/tboYFM7M4C,8326,4488,19764,2008-10-29 21:53:20+00:00
15101375,1,David Eaves,daeaves,https://twitter.com/daeaves,https://pbs.twimg.com/profile_images/63542385/favicon_me_normal.PNG,"Connecting: open innovation, data, public service renewal, public policy, open-source, & gov 2.0 with negotiation, collaboration, life, fun & rockband drumming","Vancouver, BC",http://t.co/gU9sjJPmDM,8625,507,9596,2008-06-12 21:24:05+00:00
115660120,1,EC Open Data Policy,EC_opendata,https://twitter.com/EC_opendata,https://pbs.twimg.com/profile_images/705574236/reuseable_normal.png,European Commission Unit responsable for the policy on the re-use of Public Sector Information... or open data policy.,Luxembourg,http://t.co/PfZfuu4SpC,5309,851,3420,2010-02-19 13:14:40+00:00
36683668,1,USAID,USAID,https://twitter.com/USAID,https://pbs.twimg.com/profile_images/1761947716/Vertical_RGB_600_normal.jpg,"USAID works to end extreme global poverty and enable resilient, democratic societies to realize their potential. Privacy: http://t.co/kHBeQqYJXj",,http://t.co/kTOmf6Bq07,361329,1507,14157,2009-04-30 15:08:07+00:00
18634164,1,Michelle Delaney,michelledelaney,https://twitter.com/michelledelaney,https://pbs.twimg.com/profile_images/459055307772002304/UwKcxhEs_normal.jpeg,Irish | @UNOCHA  Communication Officer in South Sudan,Juba,http://t.co/Uldn5pmTpr,2207,863,647,2009-01-05 15:23:49+00:00
37268261,1,Andrew Alspach,aalspach,https://twitter.com/aalspach,https://pbs.twimg.com/profile_images/1404130909/profile_pic_OCHAnet_jpg_normal.jpg,Humanitarian Emergency Response | Geo-data | Information Management |  Visualization | Driving Innovation for Practical Solutions  Tweets are my own.,Geneva,http://t.co/JrS2eqpg6r,263,197,155,2009-05-02 19:51:59+00:00
16017475,1,Nate Silver,NateSilver538,https://twitter.com/NateSilver538,https://pbs.twimg.com/profile_images/378800000188475595/9048bff5190578d8e2c558dca3606fbb_normal.png,"Editor-in-Chief, FiveThirtyEight. Author, The Signal and the Noise (http://t.co/9mLliQYI8N). Sports/politics/food geek.",New York,http://t.co/9mLliQYI8N,700442,680,8424,2008-08-27 20:56:45+00:00
2420236676,1,PersonalData&Privacy,OpenDataPrivacy,https://twitter.com/OpenDataPrivacy,https://pbs.twimg.com/profile_images/450558564013064193/ZpvrBWOp_normal.png,"Exploring the intersection of personal data, open data and privacy. An @OKFN and @OpenRightsGroup project 
http://t.co/1sz5EEuwa1",,,186,362,116,2014-03-31 08:48:28+00:00
12676892,1,jcrowley,jcrowley,https://twitter.com/jcrowley,https://pbs.twimg.com/profile_images/190531419/jc_snow_normal.jpg,"Humanitarian, technologist, historian, cellist, in reverse chronological order. World Bank | GFDRR | Harvard Humanitarian Initiative","Washington, DC",http://t.co/eL3aRlneDP,982,382,335,2008-01-25 09:43:14+00:00
275339576,1,Robert Banick,RBanick,https://twitter.com/RBanick,https://pbs.twimg.com/profile_images/378800000443746464/a1f9051ac75890db1efa980a4a04b936_normal.jpeg,"Making maps with stuff, responding to disasters and everything in between. I dig my work @RedCross.","Washington, D.C.",,432,368,944,2011-04-01 02:46:12+00:00
18088367,1,Denice W. Ross,denicewross,https://twitter.com/denicewross,https://pbs.twimg.com/profile_images/454090008538804225/4dMi3bWj_normal.jpeg,"Card-carrying member of the Data Liberation Front embedded in New Orleans City Hall working hard to make local gov more efficient, effective and equitable.","New Orleans, LA",http://t.co/KpZ53FegeE,430,455,459,2008-12-12 23:01:23+00:00
12456402,1,Ushahidi,ushahidi,https://twitter.com/ushahidi,https://pbs.twimg.com/profile_images/2568557529/2drs573746r33u10eekw_normal.png,"We are a non-profit tech company that specializes in developing free and open source software for information collection,visualization and interactive mapping.",Africa (mostly),http://t.co/GsLOHu0LMK,49027,372,5918,2008-01-20 11:59:18+00:00
106840674,1,CrisisMappers,CrisisMappers,https://twitter.com/CrisisMappers,https://pbs.twimg.com/profile_images/823634625/9_normal.PNG,The Humanitarian Technology Network,Global,http://t.co/yY25vyHQeS,10270,42,16313,2010-01-20 21:28:15+00:00
230753361,1,Standby Task Force,SBTaskForce,https://twitter.com/SBTaskForce,https://pbs.twimg.com/profile_images/1207940681/Picture_4_normal.png,The Standby Task Force is a group of volunteers that put their skills at the service of crisis mapping deployments around the world.,Global,http://t.co/UwpyoncVUS,1940,139,586,2010-12-26 15:31:18+00:00
1310094163,1,DHNetwork,Digihums,https://twitter.com/Digihums,https://pbs.twimg.com/profile_images/3480712527/df3bdf345cef837a89836922ce7b4b0c_normal.png,"An interface between traditional humanitarian organizations and digital networks, providing activation mechanisms to humanitarian emergencies.",Geneva,http://t.co/OAaLXEweJC,556,236,807,2013-03-28 10:11:39+00:00
361135478,1,ACAPS,ACAPSproject,https://twitter.com/ACAPSproject,https://pbs.twimg.com/profile_images/2609504577/f41hsc8pnqislypnsk4v_normal.png,"ACAPS is dedicated to improve the assessment of needs before, during and after crises. We provide tools, know-how and training to humanitarian actors.",Geneva,http://t.co/hChGfJzjbZ,874,157,362,2011-08-24 09:20:30+00:00
143219398,1,GFDRR,GFDRR,https://twitter.com/GFDRR,https://pbs.twimg.com/profile_images/897116955/GFDRR_Logo_Globe_normal.jpg,Reducing vulnerability to natural hazards in a changing climate.,"Washington, DC",http://t.co/xQFCMCvU85,1648,598,1431,2010-05-12 22:40:42+00:00
2175958220,1,UNHCR IM Network,UNHCRIM,https://twitter.com/UNHCRIM,https://pbs.twimg.com/profile_images/440878609129955328/PzlYU-C2_normal.jpeg,Connecting Information Managers in @Refugees operations & beyond. Tweets from the IM team & #OpenData fans at #UNHCR HQ. RT ≠ endorsement.,Geneva,,136,300,67,2013-11-05 12:11:44+00:00
442688702,1,Matthew Devin Conway,md_conway,https://twitter.com/md_conway,https://pbs.twimg.com/profile_images/451038527677931521/Hz5Ufm5z_normal.png,"Primarily following developments in Great Lakes, Horn of Africa. Tweets are my own. RTs ≠ endorsements.","Nairobi, Kenya",,263,505,380,2011-12-21 10:55:25+00:00
18982924,1,Mark Bidder,Jipe82,https://twitter.com/Jipe82,https://pbs.twimg.com/profile_images/434102856258314240/ez_1cPi9_normal.jpeg,Operations manager at OCHA/IRIN; dabbles in the creative arts; occasional mountain-biker.,Kenya,,156,246,289,2009-01-14 16:58:45+00:00
278009484,1,raven + crow studio,RavenAndCrow,https://twitter.com/RavenAndCrow,https://pbs.twimg.com/profile_images/2649560188/0fb5b6afd41e255e8ab4dd5561c1b629_normal.png,raven + crow studio is a 'lil brooklyn-based graphic design studio that specializes in not being jerks.,"brooklyn, ny",http://t.co/wbwD7QLPuH,428,751,6761,2011-04-06 12:33:09+00:00
106757305,1,Logistics Cluster,logcluster,https://twitter.com/logcluster,https://pbs.twimg.com/profile_images/378800000645645174/b2b160b4be22c54ef494df1f44530f57_normal.png,The Logistics Cluster provides logistics coordination for all humanitarian actors responding to an emergency.,"Rome, Italy",http://t.co/memRJRqSk0,741,457,1054,2010-01-20 16:09:17+00:00
58469461,1,MapAction,mapaction,https://twitter.com/mapaction,https://pbs.twimg.com/profile_images/459294157668773888/BU_kL0a2_normal.jpeg,International disaster mapping charity that maps priority needs in a humanitarian emergency so relief aid is targeted to help those in greatest need.,"UK, Germany, Trinidad, Guyana",http://t.co/GqiALGUcGd,4051,571,1748,2009-07-20 13:12:33+00:00
27008927,1,Eva Modvig,EvaModvig,https://twitter.com/EvaModvig,https://pbs.twimg.com/profile_images/1704397392/EvaM_normal.jpg,"Thinking about humanitarian affairs, #commisaid & #smem.  Communications & reporting for @UNOCHA in Myanmar.Tweets are my own",,,554,1155,265,2009-03-27 14:03:04+00:00
21120253,1,Ben Parker,BenParker140,https://twitter.com/BenParker140,https://pbs.twimg.com/profile_images/2196435714/avatar_normal.JPEG,"Former @UNSomalia based in Mogadishu. Ex @irinnews, @OCHA_Syria. Tweeting in a personal capacity.",Kenya/UK,,4126,3184,6029,2009-02-17 19:26:04+00:00
1243054812,1,UNICEF Innovation,UNICEFinnovate,https://twitter.com/UNICEFinnovate,https://pbs.twimg.com/profile_images/378800000330216632/6669e95ab88f360c57ffdb61d2064f12_normal.jpeg,"UNICEF’s Tech Innovation initiatives, resources, media coverage, development and stories from the UNICEF Innovation. #uinnovate","New York, NY",http://t.co/EE0PSXlyH5,1584,176,517,2013-03-05 07:02:01+00:00
537635618,1,Mark Slezak,mzslezak,https://twitter.com/mzslezak,https://pbs.twimg.com/profile_images/2677572413/b34cc30627be8c83fc1d6cfbb572c9dd_normal.jpeg,,,,9,91,3,2012-03-26 22:55:59+00:00
263176702,1,IATI,IATI_aid,https://twitter.com/IATI_aid,https://pbs.twimg.com/profile_images/1266838498/IATI_logo_Twitter_smll_normal.png,"The International Aid Transparency Initiative aims to make information about aid and development spending easier to access, use and understand #IATI",,http://t.co/V6Qh28P7fp,2845,1192,1277,2011-03-09 15:00:03+00:00
1946493157,1,Za'atari Camp,ZaatariCamp,https://twitter.com/ZaatariCamp,https://pbs.twimg.com/profile_images/378800000654706502/00eef9b2628c1bc204347228820dbff7_normal.png,"Vast, dusty and unpredictable, this remarkable stretch of desert is home to thousands of Syrian refugees. Tweets by UNHCR. Follow for photos, stories and news.","Mafraq Governorate, Jordan",,6264,103,479,2013-10-08 10:17:31+00:00
362585949,1,Opendata.ch,OpendataCH,https://twitter.com/OpendataCH,https://pbs.twimg.com/profile_images/2275597832/rkcs2zdz9h3c8jfw7lbo_normal.png,"Association facilitating Open (Gov) Data in Switzerland by bringing together public servants, ideators, designers & developers - join us! @okfn's Swiss chapter",Switzerland,http://t.co/Y9qlOVPjxH,1960,1153,1443,2011-08-26 17:00:43+00:00
153350471,1,Open Data Paris,opendataParis,https://twitter.com/opendataParis,https://pbs.twimg.com/profile_images/2042585364/avatar_paris_data3_normal.jpg,Canal d'infos et d'échanges sur la politique #OpenData de la Ville de @Paris...,Paris,http://t.co/OTf9NmeOX7,4024,81,483,2010-06-08 09:30:48+00:00
94381654,1,Opendata Hackday,opendatahack,https://twitter.com/opendatahack,https://pbs.twimg.com/profile_images/1638541534/logo_normal.jpg,Hackday on opendata & opengovernment am 3. Dezember 2011,"Berlin, Germany",http://t.co/3CIHRrAqrC,555,281,28,2009-12-03 18:12:29+00:00
12641582,1,REFUNITE,refunite,https://twitter.com/refunite,https://pbs.twimg.com/profile_images/430701844742950913/w5p_-zNp_normal.jpeg,REFUNITE is an online and mobile tracing tool helping refugees reconnect with family they have lost contact with during escape.,m.refunite.org,http://t.co/Ef8eWT5mtf,55268,1733,2432,2008-01-24 14:51:12+00:00
2196152420,1,Javier Teran,OCHASTATS,https://twitter.com/OCHASTATS,https://pbs.twimg.com/profile_images/378800000743256160/9fa1d580cf4c4bf4701ff2450695883b_normal.png,Statistician,New York,,3,71,0,2013-11-15 15:18:25+00:00
1672632270,1,WorldPopProject,WorldPopProject,https://twitter.com/WorldPopProject,https://pbs.twimg.com/profile_images/378800000301310123/e28e3bced8b5dd54966f9326c6fda798_normal.jpeg,,,,105,72,15,2013-08-15 08:48:23+00:00
14438300,1,luishernando,luishernando,https://twitter.com/luishernando,https://pbs.twimg.com/profile_images/420135512263753728/Lr7_US67_normal.jpeg,Working here- United Nations Office For Coordination Of Humanitarian Affairs OCHA Colombia.tweets are mine,Bogotá,http://t.co/6wiLJoVzr0,1495,1100,6840,2008-04-18 22:38:38+00:00
16143105,1,Open Knowledge,OKFN,https://twitter.com/OKFN,https://pbs.twimg.com/profile_images/456839051727757312/M54iFKFB_normal.png,See how data can change the world,Global,http://t.co/d3HbywcrZi,17416,900,5173,2008-09-05 12:34:52+00:00
300866884,1,CKAN,CKANproject,https://twitter.com/CKANproject,https://pbs.twimg.com/profile_images/3196054361/088d759d8cc8bcd16fc6869e8227f248_normal.png,"The #opensource #opendata platform. Powering http://t.co/GdXNmN65Sf, http://t.co/SFdQI1rKHL & portals around the world: http://t.co/YEGynxgDgM. An @OKFN project",Everywhere soon,http://t.co/utr04rcgEM,4529,285,939,2011-05-18 13:58:30+00:00
236873973,1,The Sphere Project,SpherePro,https://twitter.com/SpherePro,https://pbs.twimg.com/profile_images/2325065739/65qhehsilp534zfsdtzp_normal.jpeg,Humanitarian Charter and Minimum Standards in Humanitarian Response,"Geneva, Switzerland",http://t.co/GkRb7EJvpw,1958,400,233,2011-01-11 15:27:01+00:00
10313032,1,HeatherLeson,HeatherLeson,https://twitter.com/HeatherLeson,https://pbs.twimg.com/profile_images/452089414898819072/exiO7dBs_normal.png,"Idea hacker, community builder. I'm obsessed with bridges, visit Gehry cities and am a serial volunteer.  Imagine this world if we all lent a digital hand.",Toronto,http://t.co/0FNOPiTzrG,4754,5122,19109,2007-11-16 19:27:35+00:00
151392610,1,GHA,gha_org,https://twitter.com/gha_org,https://pbs.twimg.com/profile_images/1057933501/org_normal.png,Tracking the provision of finance in response to humanitarian need.,"Bristol, UK",http://t.co/QW8yjbsrAN,1437,1441,1133,2010-06-03 09:05:27+00:00
239783773,1,ELRHA,ELRHA,https://twitter.com/ELRHA,https://pbs.twimg.com/profile_images/378800000058775649/59ed5a1cfa4080f353a41de54bd5d60d_normal.jpeg,We bring academics & aid workers together in partnership to improve research & training in the humanitarian sector.,UK,http://t.co/d9qR2j1G3o,1298,786,1025,2011-01-18 12:24:59+00:00
862144405,1,Humanitarian Toolbox,HTbox,https://twitter.com/HTbox,https://pbs.twimg.com/profile_images/378800000210718633/4a028ce30e9238501be08f97ddbfd9f8_normal.png,Connecting your generosity and skills to the needs of response orgs to build & maintain rapidly deployable open source solutions and tools for disaster response,,http://t.co/wk3YrVzJAP,291,71,55,2012-10-04 22:34:47+00:00
20577000,1,Jacobo Quintanilla,jqg,https://twitter.com/jqg,https://pbs.twimg.com/profile_images/344513261568924205/44a05c694e3e5b69804cee30484b3666_normal.jpeg,"Director of Humanitarian Communication Programs @Internews, @PopTech fellow. Working to make the world a better place through access to information #commisaid",Roaming - Tri-London,http://t.co/xTIbtWCHYx,2363,2004,5778,2009-02-11 07:35:38+00:00
620775713,1,OCHA Afghanistan,OCHAAfgh,https://twitter.com/OCHAAfgh,https://pbs.twimg.com/profile_images/2348467451/Logo_OCHA_Blue_portrait_normal.jpg,The United Nations Office for the Coordination of Humanitarian Affairs (OCHA) mobilizes & coordinates humanitarian assistance to the most vulnerable people in,Afghanistan,http://t.co/WiCI2Skryf,993,306,315,2012-06-28 08:13:14+00:00
47976136,1,OCHA Eastern Africa,UNOCHA_EA,https://twitter.com/UNOCHA_EA,https://pbs.twimg.com/profile_images/2762871899/bd5ce1801447a17edaa3353677f9d6d2_normal.jpeg,The Regional UN Office for the Coordination of Humanitarian Affairs We help mobilize/coordinate humanitarian action across eastern Africa http://t.co/xbBefCt9XF,"Nairobi, Kenya",http://t.co/m4AVhwvMP0,1626,590,982,2009-06-17 14:25:28+00:00
16308922,1,IRIN News,irinnews,https://twitter.com/irinnews,https://pbs.twimg.com/profile_images/3631128055/7d91bfb8676a46bca6c6a319a839a82f_normal.png,"The world's leading provider of specialist humanitarian news and analysis. Published from Nairobi, Dubai, Bangkok, Dakar and Johannesburg. RTs not endorsements",Nairobi,http://t.co/YMJbayWiHX,30722,2018,11205,2008-09-16 10:02:31+00:00
17233335,1,Internews,Internews,https://twitter.com/Internews,https://pbs.twimg.com/profile_images/1733351773/color_vertical_noTag_2inWbSq_normal.gif,Internews is an international non-profit organization whose mission is to empower local media worldwide.,Global,http://t.co/Bmubh6Grnh,12002,7989,3797,2008-11-07 16:07:07+00:00
15762575,1,AlertNet,AlertNet,https://twitter.com/AlertNet,https://pbs.twimg.com/profile_images/1620376244/AlertNetLogo_normal.jpg,"The Thomson Reuters Foundation's humanitarian news service covers wars, conflict, natural disasters, food and health emergencies. Tweet to ask for a follow.",Global,http://t.co/UpOxnZBxy2,44867,3642,27805,2008-08-07 12:24:49+00:00
19765312,1,Oliver Lacey-Hall ,OliverLaceyHall,https://twitter.com/OliverLaceyHall,https://pbs.twimg.com/profile_images/565063377/DSC00216_normal.JPG,Regional Head of OCHA for Asia and Pacific. Ageing humanitarian grappling with newfangled technology and only partially succeeding. Views are my own only.,Bangkok,http://t.co/oEYTUVAAXJ,578,438,661,2009-01-30 12:34:16+00:00
485375893,1,OCHA Pacific,UNOCHA_ROP,https://twitter.com/UNOCHA_ROP,https://pbs.twimg.com/profile_images/2650367699/014f88b5146118a51e432a72bfa3fc64_normal.jpeg,The UN Office for the Coordination of Humanitarian Affairs Regional Office for the Pacific works to coordinate effective humanitarian response.,"Suva, Fiji",http://t.co/HSQcTjoaST,1125,283,476,2012-02-07 04:12:05+00:00
438292978,1,Pierre in Myanmar,pierre_peron,https://twitter.com/pierre_peron,https://pbs.twimg.com/profile_images/438255495208398849/M0BM-Fcg_normal.jpeg,"Pierre Peron, Public Information Officer in Myanmar for the UN Office for the Coordination of Humanitarian Affairs (OCHA)
Views expressed on twitter are my own.","Yangon, Myanmar",http://t.co/zUTRE0MeLQ,2142,2264,3240,2011-12-16 12:17:59+00:00
15308167,1,Aidan McGuire,amcguire62,https://twitter.com/amcguire62,https://pbs.twimg.com/profile_images/1371342906/aidan_sw_normal.jpg,Entrepreneur and Co-founder of two technology companies,Liverpool,http://t.co/UYtNN3hSs1,785,1122,2265,2008-07-03 13:34:06+00:00
17844669,1,David Megginson,david_megginson,https://twitter.com/david_megginson,https://pbs.twimg.com/profile_images/86904241/profile-128x128_normal.png,"Amateur musician, private pilot, urban pedestrian, tea drinker.","Ottawa, ON",http://t.co/ZiRHZMhUz4,406,117,3816,2008-12-03 18:55:50+00:00
47209077,1,Richard Tyson,richardinpublic,https://twitter.com/richardinpublic,https://pbs.twimg.com/profile_images/425060726760148992/IXBBiaqs_normal.jpeg,Converging on the present.,New York,http://t.co/zeR6ZfCz26,237,170,239,2009-06-14 23:59:46+00:00
269509830,1,Bruce Strong,chaordia,https://twitter.com/chaordia,https://pbs.twimg.com/profile_images/3397869191/2825228b7e8de758c1272073f56ffb0a_normal.png,,Boston,http://t.co/r5EhXv9Xf9,3,8,3,2011-03-20 22:56:20+00:00
19993545,1,ReliefWeb,reliefweb,https://twitter.com/reliefweb,https://pbs.twimg.com/profile_images/1307616086/rw-twit-logo_normal.png,Informing humanitarians worldwide. A service provided by @UNOCHA.,"Bangkok, Nairobi, New York",http://t.co/CUpplLJOdW,36809,275,8739,2009-02-03 18:59:29+00:00
1469632224,1,Zain Fahmy Hassan,Zain_FH,https://twitter.com/Zain_FH,https://pbs.twimg.com/profile_images/378800000462177226/a35cb976ea9046b6a76936ef0a5f500b_normal.jpeg,"Research Student at IDO Group @BathSofM, @UniofBath. Research on innovation management in humanitarian medical transport. Views are my own.","Bath, Somerset",,24,141,243,2013-05-30 12:41:56+00:00
1927054988,1,Claire Barnhoorn,ClaireBarnhoorn,https://twitter.com/ClaireBarnhoorn,https://pbs.twimg.com/profile_images/378800000539076339/870d633613d932047d5d8810695e90c5_normal.png,"A humanitarian and energetic organisational millipede, passionate about innovations for aid, sharing some thoughts and the likes",,http://t.co/k3n5MB5bDf,176,718,394,2013-10-02 14:29:56+00:00
87389423,1,ActivityInfo,activityinfo,https://twitter.com/activityinfo,https://pbs.twimg.com/profile_images/3109804546/c694c7ba1d52befa2b7fb7f1a5e6a766_normal.png,"ActivityInfo is an online humanitarian project monitoring tool, that helps humanitarian organizations to collect, manage, map and analyze indicators.",,http://t.co/hpWDQvoC,56,156,83,2009-11-04 07:54:44+00:00
194054154,1,James Cockayne,James_Cockayne,https://twitter.com/James_Cockayne,https://pbs.twimg.com/profile_images/1830291292/IMG_0305_normal.jpg,Head of Office at the #UnitedNations for @UNUniversity. Personal views. RT ≠ endorsement.,New York,,432,384,537,2010-09-23 09:41:58+00:00
154555163,1,Luis Rolando Sánchez,luisvalverth,https://twitter.com/luisvalverth,https://pbs.twimg.com/profile_images/1307469118/Foto_para_Twitter_uno_normal.jpg,Former United Nations Emergency Team member in Guatemala / Risk Reduction Education for Disasters / Communications Specialist / INEE member / PhD. Student,"Guatemala, Central America",,107,546,116,2010-06-11 15:15:13+00:00
16895951,1,Patrick Meier,PatrickMeier,https://twitter.com/PatrickMeier,https://pbs.twimg.com/profile_images/2283251939/fa994c3ffxaqy22lp0f1_normal.png,"Pioneering Next Generation Humanitarian Technologies | 5x @TEDx Speaker | @RockefellerFdn, @PopTech, @NatGeo Fellow | @Stanford PreDoc | @FletcherSchool PhD",Washington DC,http://t.co/2bS00LTxyT,14754,794,7358,2008-10-21 23:09:45+00:00
38027006,1,Dr Jemilah Mahmood,JemilahMahmood,https://twitter.com/JemilahMahmood,https://pbs.twimg.com/profile_images/378800000746408517/60cf03f1bf09c097c16ca9f1738d88fc_normal.jpeg,"Doctor, Founder@MERCYMalaysia, Board Chair@TFM, Senior Fellow HFP King's College London. Humanitarian & Development worker. Private-public partnerships.",,,999,186,5741,2009-05-05 21:35:38+00:00
54587658,1,ScraperWiki,ScraperWiki,https://twitter.com/ScraperWiki,https://pbs.twimg.com/profile_images/1763676683/tractor_normal.png,"Tools to get, clean and analyse data from web pages, PDFs and Twitter","Liverpool, UK",http://t.co/vfN8zDIjA6,3453,1427,2170,2009-07-07 15:58:08+00:00
68139427,1,Ian,IanHopkinson_,https://twitter.com/IanHopkinson_,https://pbs.twimg.com/profile_images/1741964130/ProfilePic1_normal.jpg,...aka @SmallCasserole Scientist. Physicist. ooo...looker extraordinaire. Mr @HappyMouffetard. Senior Data Scientist at @ScraperWiki,"Cheshire, UK",http://t.co/LOOex32J8M,1893,704,38225,2009-08-23 13:05:10+00:00
85289376,1,ICRC,ICRC,https://twitter.com/ICRC,https://pbs.twimg.com/profile_images/1259559734/ICRC_normal.jpg,International Committee of the Red Cross ensuring humanitarian protection and assistance for victims of war and other situations of violence.,Geneva,http://t.co/HyPcxaYroW,206749,627,4839,2009-10-26 11:05:15+00:00
148760879,1,aidinfo,aidinfo,https://twitter.com/aidinfo,https://pbs.twimg.com/profile_images/1149373454/aidinfo_logo_twitter_normal.jpg,"We work to reduce poverty by making aid and other resources more effective through making them more
transparent and accountable. aidinfo is part of @devinitorg","Bristol, UK",http://t.co/068HMcdfdK,5623,1385,1625,2010-05-27 14:44:56+00:00
335868304,1,HIF,The_HIF,https://twitter.com/The_HIF,https://pbs.twimg.com/profile_images/378800000072095154/0e166abfd853a4efeb2fa655335a2452_normal.jpeg,"Supporting organisations & individuals to identify, nurture & share innovative & scalable solutions to the challenges facing effective humanitarian assistance.",Humanitarian Innovation Fund,http://t.co/GHra84Mvx4,1708,813,917,2011-07-15 11:18:23+00:00
64777298,1,Hemant Purohit,hemant_Pt,https://twitter.com/hemant_Pt,https://pbs.twimg.com/profile_images/422601880154275840/v52rNft1_normal.png,"Computational Social Scientist- Coordination,Crisis Resp, Social Dynamics: Influence-Engagement-Evolution, Social Good. ICCM-13 fellow. #IBMRsrch #MSRsrch #QCRI","Dayton, US",http://t.co/hpJwFneiJU,465,254,4583,2009-08-11 17:41:27+00:00
207697817,1,Samuel EUSTACHI,SamEustachi,https://twitter.com/SamEustachi,https://pbs.twimg.com/profile_images/1500916883/cat_pirate_poster_print-p228675305995870147vsu7_325_normal.jpg,,Luxembourg,,16,14,17,2010-10-25 21:29:37+00:00
7794562,1,CJ Hendrix,cj_hendrix,https://twitter.com/cj_hendrix,https://pbs.twimg.com/profile_images/1197729713/profile_pic_640x640_normal.jpg,,"Geneva, Switzerland",,79,27,36,2007-07-29 02:45:59+00:00
31556904,1,Ocha Colombia,ochacolombia,https://twitter.com/ochacolombia,https://pbs.twimg.com/profile_images/3056538795/7c443a40f604ea2475e54b22eddde169_normal.png,Oficina de las Naciones Unidas para la Coordinación de Asuntos Humanitarios (OCHA). Buscamos movilizar y coordinar una respuesta humanitaria efectiva,"Bogotá, Colombia",http://t.co/kyu4giuBMt,12051,343,3632,2009-04-15 23:16:59+00:00
293538523,1,Valerie Amos,ValerieAmos,https://twitter.com/ValerieAmos,https://pbs.twimg.com/profile_images/1345216339/valerieamosofficialportrait_normal.JPG,"The official Twitter account of the Under-Secretary-General for Humanitarian Affairs and Emergency Relief Coordinator, Valerie Amos.",,http://t.co/vqO7YwEHWE,28422,248,985,2011-05-05 14:37:06+00:00
39582891,1,Luis Capelo,luiscape,https://twitter.com/luiscape,https://pbs.twimg.com/profile_images/444745137000693761/CxsfXslW_normal.jpeg,Humanitarian by passion. Data nerd. Works for @UNOCHA and part of the @humdata team. Tweets are my very extremely own.,"New York, NY",http://t.co/8ntbXZRslf,567,995,792,2009-05-12 20:07:37+00:00
18638602,1,Andrej Verity,andrejverity,https://twitter.com/andrejverity,https://pbs.twimg.com/profile_images/378800000324574947/607835c7fe9329664c68d7d4debeca8a_normal.jpeg,Disaster responder and information management officer for UN-OCHA. Tweets are my personal opinion only.,"Geneva, Switzerland",http://t.co/XjkdAH12qE,1589,548,2215,2009-01-05 17:50:28+00:00
157958919,1,Carsten Keßler,carstenkessler,https://twitter.com/carstenkessler,https://pbs.twimg.com/profile_images/378800000044204246/7f912c28807b4303b126cbc226cab7b2_normal.png,"Into Linked Open Data, emergency management, volunteered geographic information. German expat. Assistant professor for GIScience at @Hunter_College, NYC.",New York,http://t.co/RMNltnegkd,360,353,927,2010-06-21 10:43:23+00:00
21303235,1,UNOCHA,UNOCHA,https://twitter.com/UNOCHA,https://pbs.twimg.com/profile_images/2566881686/w6cxnl66cv46erdielyp_normal.jpeg,The United Nations Office for the Coordination of Humanitarian Affairs (OCHA) mobilizes & coordinates humanitarian assistance to people in need worldwide.,,http://t.co/CfcJS2liQ1,57655,1023,9565,2009-02-19 14:41:13+00:00
